<?xml version="1.0" encoding="UTF-8"?><FileNetExportCatalog version="1">
	<DeploymentTreeLocation/>
	<SourceEnvironment/>
	<ExportOperationFile>DeploymentOperation_Export.xml</ExportOperationFile>
	<ExportManifestFile>manifest.xml</ExportManifestFile>
	<ExportLogFile/>
	<ConvertOperationFile/>
	<SourcePrimaryObjectStoreName>CMOSD1</SourcePrimaryObjectStoreName>
	<ExportStartTime>2020-06-08 01:47:27 EDT</ExportStartTime>
	<DatasetFiles>
		<DatasetFile>deployDataSet1.xml</DatasetFile>
	</DatasetFiles>
	<ObjectListFile>ObjectList.xml</ObjectListFile>
	<NumberOfObjectsExported>257</NumberOfObjectsExported>
	<ExportEndTime>2020-06-08 01:47:34 EDT</ExportEndTime>
		<DestinationEnvironment/>
	<DestinationPrimaryObjectStoreName>CMOSD1</DestinationPrimaryObjectStoreName>
</FileNetExportCatalog>