<?xml version="1.0" encoding="UTF-8"?>
<HalfMap type="ObjectStore" version="1">
    <List>
        <Item label="Case Manager Design Object Store">
            <ID>{783D8C82-30EF-4877-B51A-0C96BC886307}</ID>
            <Name>CMOSD1</Name>
            <SymbolicName>CMOSD1</SymbolicName>
        </Item>
        <Item label="Case Manager Target Object Store">
            <ID>{8A52C10A-EA2D-49B8-9D14-B49E9895C305}</ID>
            <Name>DET</Name>
            <SymbolicName>DET</SymbolicName>
        </Item>
    </List>
</HalfMap>
