<?xml version="1.0" encoding="UTF-8"?>
<ExportObjectList version="1">
	<Object>
		<Name>DET Service Request</Name>
		<ClassName>CmAcmSolutionFolder</ClassName>
		<Id>{5071705E-0000-C511-8185-7FA58D110F1F}</Id>
		<ObjectStoreId>{783D8C82-30EF-4877-B51A-0C96BC886307}</ObjectStoreId>
	</Object>
	<Object>
		<Name>Pages</Name>
		<ClassName>Folder</ClassName>
		<Id>{5071705E-0000-C6C0-9283-4AE4A3859940}</Id>
		<ObjectStoreId>{783D8C82-30EF-4877-B51A-0C96BC886307}</ObjectStoreId>
	</Object>
	<Object>
		<Name>Views</Name>
		<ClassName>Folder</ClassName>
		<Id>{60417A5E-0000-CD10-A349-B4F2F9307C47}</Id>
		<ObjectStoreId>{783D8C82-30EF-4877-B51A-0C96BC886307}</ObjectStoreId>
	</Object>
	<Object>
		<Name>nls</Name>
		<ClassName>Folder</ClassName>
		<Id>{20BECD5E-0000-C376-9FF1-4FFD7120939D}</Id>
		<ObjectStoreId>{783D8C82-30EF-4877-B51A-0C96BC886307}</ObjectStoreId>
	</Object>
	<Object>
		<Name>DET_Configuration</Name>
		<ClassName>Folder</ClassName>
		<Id>{20C3295F-0000-CA4D-83FB-A933293A5C6E}</Id>
		<ObjectStoreId>{783D8C82-30EF-4877-B51A-0C96BC886307}</ObjectStoreId>
	</Object>
	<Object>
		<Name>DET_MFTRecertification</Name>
		<ClassName>Folder</ClassName>
		<Id>{F0036A61-0000-CE19-AFC7-1C04EA217CD6}</Id>
		<ObjectStoreId>{783D8C82-30EF-4877-B51A-0C96BC886307}</ObjectStoreId>
	</Object>
	<Object>
		<Name>DET_ServiceRequest</Name>
		<ClassName>Folder</ClassName>
		<Id>{60417A5E-0000-C72C-9F5E-62F3BD8C9D3E}</Id>
		<ObjectStoreId>{783D8C82-30EF-4877-B51A-0C96BC886307}</ObjectStoreId>
	</Object>
	<Object>
		<Name>Config Workflow Definition</Name>
		<ClassName>WorkflowDefinition</ClassName>
		<Id>{F098BE5E-0000-CD62-B60F-CB0350248F44}</Id>
		<ObjectStoreId>{783D8C82-30EF-4877-B51A-0C96BC886307}</ObjectStoreId>
	</Object>
	<Object>
		<Name>Resources.js</Name>
		<ClassName>Document</ClassName>
		<Id>{207BC370-0200-C959-9B8A-C5DE521ED042}</Id>
		<ObjectStoreId>{783D8C82-30EF-4877-B51A-0C96BC886307}</ObjectStoreId>
	</Object>
	<Object>
		<Name>Resources.js</Name>
		<ClassName>DynamicReferentialContainmentRelationship</ClassName>
		<Id>{20BECD5E-0000-C792-8B42-6DA52C3404FF}</Id>
		<ObjectStoreId>{783D8C82-30EF-4877-B51A-0C96BC886307}</ObjectStoreId>
	</Object>
	<Object>
		<Name>DET_Config</Name>
		<ClassName>DynamicReferentialContainmentRelationship</ClassName>
		<Id>{F098BE5E-0000-C92D-8615-6386878F0772}</Id>
		<ObjectStoreId>{783D8C82-30EF-4877-B51A-0C96BC886307}</ObjectStoreId>
	</Object>
	<Object>
		<Name>Add Task - New or change DET</Name>
		<ClassName>CmAcmPage</ClassName>
		<Id>{D0375B68-0000-CDB6-AFA3-0592846E0B03}</Id>
		<ObjectStoreId>{783D8C82-30EF-4877-B51A-0C96BC886307}</ObjectStoreId>
	</Object>
	<Object>
		<Name>Add Task - New or change DET</Name>
		<ClassName>DynamicReferentialContainmentRelationship</ClassName>
		<Id>{40841B66-0000-C227-BAF2-0D19268C46E6}</Id>
		<ObjectStoreId>{783D8C82-30EF-4877-B51A-0C96BC886307}</ObjectStoreId>
	</Object>
	<Object>
		<Name>Add Task - Prod Support</Name>
		<ClassName>CmAcmPage</ClassName>
		<Id>{00355B68-0000-C56F-9EC5-E7FEA4C17B4C}</Id>
		<ObjectStoreId>{783D8C82-30EF-4877-B51A-0C96BC886307}</ObjectStoreId>
	</Object>
	<Object>
		<Name>Add Task - Prod Support</Name>
		<ClassName>DynamicReferentialContainmentRelationship</ClassName>
		<Id>{D0821B66-0000-C02F-88A5-11F2249A82BE}</Id>
		<ObjectStoreId>{783D8C82-30EF-4877-B51A-0C96BC886307}</ObjectStoreId>
	</Object>
	<Object>
		<Name>Add Task-FTS</Name>
		<ClassName>CmAcmPage</ClassName>
		<Id>{00365B68-0200-C5A2-9D1A-39BBD5127F7C}</Id>
		<ObjectStoreId>{783D8C82-30EF-4877-B51A-0C96BC886307}</ObjectStoreId>
	</Object>
	<Object>
		<Name>Add Task-FTS</Name>
		<ClassName>DynamicReferentialContainmentRelationship</ClassName>
		<Id>{1013C865-0000-CC37-8839-F8E4F94D24E2}</Id>
		<ObjectStoreId>{783D8C82-30EF-4877-B51A-0C96BC886307}</ObjectStoreId>
	</Object>
	<Object>
		<Name></Name>
		<ClassName>CmAcmDraftArea</ClassName>
		<Id>{F098BE5E-0000-CE3A-A6B0-490D26E194A2}</Id>
		<ObjectStoreId>{783D8C82-30EF-4877-B51A-0C96BC886307}</ObjectStoreId>
	</Object>
	<Object>
		<Name>DET_Config_Draft</Name>
		<ClassName>ReferentialContainmentRelationship</ClassName>
		<Id>{F098BE5E-0000-CB47-94F7-6A954DFA176A}</Id>
		<ObjectStoreId>{783D8C82-30EF-4877-B51A-0C96BC886307}</ObjectStoreId>
	</Object>
	<Object>
		<Name>Add Task-Testing Flow</Name>
		<ClassName>CmAcmPage</ClassName>
		<Id>{E0365B68-0000-CD26-8805-0DEBF01E0FE9}</Id>
		<ObjectStoreId>{783D8C82-30EF-4877-B51A-0C96BC886307}</ObjectStoreId>
	</Object>
	<Object>
		<Name>Configuration Workflow Definition</Name>
		<ClassName>WorkflowDefinition</ClassName>
		<Id>{30C3295F-0000-C86D-A825-D6192B82AEE3}</Id>
		<ObjectStoreId>{783D8C82-30EF-4877-B51A-0C96BC886307}</ObjectStoreId>
	</Object>
	<Object>
		<Name>Add Task-Testing Flow</Name>
		<ClassName>DynamicReferentialContainmentRelationship</ClassName>
		<Id>{1013C865-0000-CB42-A55E-FE4358D7C0DE}</Id>
		<ObjectStoreId>{783D8C82-30EF-4877-B51A-0C96BC886307}</ObjectStoreId>
	</Object>
	<Object>
		<Name>DET_Configuration</Name>
		<ClassName>DynamicReferentialContainmentRelationship</ClassName>
		<Id>{20C3295F-0000-CA1C-8CD1-70C638E7F4CE}</Id>
		<ObjectStoreId>{783D8C82-30EF-4877-B51A-0C96BC886307}</ObjectStoreId>
	</Object>
	<Object>
		<Name>Adhoc Custom Task Details</Name>
		<ClassName>CmAcmPage</ClassName>
		<Id>{B0160A61-0000-C81E-A69F-4D25D56D5055}</Id>
		<ObjectStoreId>{783D8C82-30EF-4877-B51A-0C96BC886307}</ObjectStoreId>
	</Object>
	<Object>
		<Name></Name>
		<ClassName>CmAcmDraftArea</ClassName>
		<Id>{20C3295F-0000-C828-8EFD-86A7AC3DDC3F}</Id>
		<ObjectStoreId>{783D8C82-30EF-4877-B51A-0C96BC886307}</ObjectStoreId>
	</Object>
	<Object>
		<Name>DET_Configuration_Draft</Name>
		<ClassName>ReferentialContainmentRelationship</ClassName>
		<Id>{20C3295F-0000-CF3C-A8EA-03C3C824C8C6}</Id>
		<ObjectStoreId>{783D8C82-30EF-4877-B51A-0C96BC886307}</ObjectStoreId>
	</Object>
	<Object>
		<Name>Adhoc Custom Task Details</Name>
		<ClassName>DynamicReferentialContainmentRelationship</ClassName>
		<Id>{A0B60760-0000-C020-8DE5-6981F13CB245}</Id>
		<ObjectStoreId>{783D8C82-30EF-4877-B51A-0C96BC886307}</ObjectStoreId>
	</Object>
	<Object>
		<Name>DET Configuration View</Name>
		<ClassName>CmAcmView</ClassName>
		<Id>{80E69368-0000-C011-8532-EB9306A7618C}</Id>
		<ObjectStoreId>{783D8C82-30EF-4877-B51A-0C96BC886307}</ObjectStoreId>
	</Object>
	<Object>
		<Name>Admin Case Details</Name>
		<ClassName>CmAcmPage</ClassName>
		<Id>{30E6696A-0100-CCAB-9765-309FC2D98F2B}</Id>
		<ObjectStoreId>{783D8C82-30EF-4877-B51A-0C96BC886307}</ObjectStoreId>
	</Object>
	<Object>
		<Name>DET Configuration View</Name>
		<ClassName>DynamicReferentialContainmentRelationship</ClassName>
		<Id>{20C3295F-0000-CB62-8C44-809FEF6BCF6D}</Id>
		<ObjectStoreId>{783D8C82-30EF-4877-B51A-0C96BC886307}</ObjectStoreId>
	</Object>
	<Object>
		<Name>MFT Recertification Workflow Definition</Name>
		<ClassName>WorkflowDefinition</ClassName>
		<Id>{405A4C69-0000-CFAA-AA7A-828FAD26AA67}</Id>
		<ObjectStoreId>{783D8C82-30EF-4877-B51A-0C96BC886307}</ObjectStoreId>
	</Object>
	<Object>
		<Name>DET_MFTRecertification</Name>
		<ClassName>DynamicReferentialContainmentRelationship</ClassName>
		<Id>{B04D6661-0000-CA2C-8EC6-B8A2CA9A80DE}</Id>
		<ObjectStoreId>{783D8C82-30EF-4877-B51A-0C96BC886307}</ObjectStoreId>
	</Object>
	<Object>
		<Name>Admin Case Details</Name>
		<ClassName>DynamicReferentialContainmentRelationship</ClassName>
		<Id>{502B7D5F-0000-CC2C-8428-435B3E05A2FC}</Id>
		<ObjectStoreId>{783D8C82-30EF-4877-B51A-0C96BC886307}</ObjectStoreId>
	</Object>
	<Object>
		<Name>Admin Request Search</Name>
		<ClassName>CmAcmPage</ClassName>
		<Id>{B03F076A-0100-C0DE-BBCA-8AE4634C2228}</Id>
		<ObjectStoreId>{783D8C82-30EF-4877-B51A-0C96BC886307}</ObjectStoreId>
	</Object>
	<Object>
		<Name></Name>
		<ClassName>CmAcmDraftArea</ClassName>
		<Id>{B04D6661-0000-C330-9043-582F0680BE54}</Id>
		<ObjectStoreId>{783D8C82-30EF-4877-B51A-0C96BC886307}</ObjectStoreId>
	</Object>
	<Object>
		<Name>DET_MFTRecertification_Draft</Name>
		<ClassName>ReferentialContainmentRelationship</ClassName>
		<Id>{B04D6661-0000-C44D-8B7A-C4E586CFFEF0}</Id>
		<ObjectStoreId>{783D8C82-30EF-4877-B51A-0C96BC886307}</ObjectStoreId>
	</Object>
	<Object>
		<Name>Admin Request Search</Name>
		<ClassName>DynamicReferentialContainmentRelationship</ClassName>
		<Id>{B0967D5F-0000-CD29-936D-3E67C0E2053E}</Id>
		<ObjectStoreId>{783D8C82-30EF-4877-B51A-0C96BC886307}</ObjectStoreId>
	</Object>
	<Object>
		<Name>Service Request Workflow Definition</Name>
		<ClassName>WorkflowDefinition</ClassName>
		<Id>{40776B6C-0000-CD58-BE6D-4C342E42E8D8}</Id>
		<ObjectStoreId>{783D8C82-30EF-4877-B51A-0C96BC886307}</ObjectStoreId>
	</Object>
	<Object>
		<Name>DET_ServiceRequest</Name>
		<ClassName>DynamicReferentialContainmentRelationship</ClassName>
		<Id>{4072705E-0000-CE2D-B99E-75B0C0FCEC1B}</Id>
		<ObjectStoreId>{783D8C82-30EF-4877-B51A-0C96BC886307}</ObjectStoreId>
	</Object>
	<Object>
		<Name>CBS Gate Keeper Case Details</Name>
		<ClassName>CmAcmPage</ClassName>
		<Id>{80E9696A-0000-C0A8-8344-87EDEF3EF161}</Id>
		<ObjectStoreId>{783D8C82-30EF-4877-B51A-0C96BC886307}</ObjectStoreId>
	</Object>
	<Object>
		<Name>CBS Gate Keeper Case Details</Name>
		<ClassName>DynamicReferentialContainmentRelationship</ClassName>
		<Id>{206CCD5E-0000-C99A-96D5-1CB4C3476F3E}</Id>
		<ObjectStoreId>{783D8C82-30EF-4877-B51A-0C96BC886307}</ObjectStoreId>
	</Object>
	<Object>
		<Name></Name>
		<ClassName>CmAcmDraftArea</ClassName>
		<Id>{4072705E-0000-C335-B73F-1C2A0A20EEF6}</Id>
		<ObjectStoreId>{783D8C82-30EF-4877-B51A-0C96BC886307}</ObjectStoreId>
	</Object>
	<Object>
		<Name>DET_ServiceRequest_Draft</Name>
		<ClassName>ReferentialContainmentRelationship</ClassName>
		<Id>{4072705E-0000-C940-8FBE-3FB12CBF0670}</Id>
		<ObjectStoreId>{783D8C82-30EF-4877-B51A-0C96BC886307}</ObjectStoreId>
	</Object>
	<Object>
		<Name>CBS Gate Keeper Work Details</Name>
		<ClassName>CmAcmPage</ClassName>
		<Id>{C04B9E6B-0000-C11C-8F01-48C996DCA3BE}</Id>
		<ObjectStoreId>{783D8C82-30EF-4877-B51A-0C96BC886307}</ObjectStoreId>
	</Object>
	<Object>
		<Name>CBS Gate Keeper Work Details</Name>
		<ClassName>DynamicReferentialContainmentRelationship</ClassName>
		<Id>{2015CD5E-0100-C40A-BDCD-5578A36219FB}</Id>
		<ObjectStoreId>{783D8C82-30EF-4877-B51A-0C96BC886307}</ObjectStoreId>
	</Object>
	<Object>
		<Name>PE Configuration</Name>
		<ClassName>Document</ClassName>
		<Id>{00280A6C-0000-C93E-B47A-DDD789B76B58}</Id>
		<ObjectStoreId>{783D8C82-30EF-4877-B51A-0C96BC886307}</ObjectStoreId>
	</Object>
	<Object>
		<Name>PE Configuration</Name>
		<ClassName>DynamicReferentialContainmentRelationship</ClassName>
		<Id>{5071705E-0000-CEA4-B9F1-1331741294D4}</Id>
		<ObjectStoreId>{783D8C82-30EF-4877-B51A-0C96BC886307}</ObjectStoreId>
	</Object>
	<Object>
		<Name>CBS Programmer Case Details</Name>
		<ClassName>CmAcmPage</ClassName>
		<Id>{E0E8696A-0200-C13E-9A43-8C7AE6672801}</Id>
		<ObjectStoreId>{783D8C82-30EF-4877-B51A-0C96BC886307}</ObjectStoreId>
	</Object>
	<Object>
		<Name>CBS Programmer Case Details</Name>
		<ClassName>DynamicReferentialContainmentRelationship</ClassName>
		<Id>{C02F7D5F-0000-C93D-A4CE-5E86FA34EC4B}</Id>
		<ObjectStoreId>{783D8C82-30EF-4877-B51A-0C96BC886307}</ObjectStoreId>
	</Object>
	<Object>
		<Name>Solution Definition</Name>
		<ClassName>Document</ClassName>
		<Id>{4044716C-0000-CB2C-8A4D-D8F4B514B2C2}</Id>
		<ObjectStoreId>{783D8C82-30EF-4877-B51A-0C96BC886307}</ObjectStoreId>
	</Object>
	<Object>
		<Name>Solution Definition</Name>
		<ClassName>DynamicReferentialContainmentRelationship</ClassName>
		<Id>{5071705E-0000-CC9D-8DB8-0559C790F6D0}</Id>
		<ObjectStoreId>{783D8C82-30EF-4877-B51A-0C96BC886307}</ObjectStoreId>
	</Object>
	<Object>
		<Name>Closed Recertification View</Name>
		<ClassName>CmAcmView</ClassName>
		<Id>{C0CD1E62-0000-C01F-868D-CF89A0F2C57E}</Id>
		<ObjectStoreId>{783D8C82-30EF-4877-B51A-0C96BC886307}</ObjectStoreId>
	</Object>
	<Object>
		<Name>Closed Recertification View</Name>
		<ClassName>DynamicReferentialContainmentRelationship</ClassName>
		<Id>{3093D161-0000-C227-BFA1-A42A130E0179}</Id>
		<ObjectStoreId>{783D8C82-30EF-4877-B51A-0C96BC886307}</ObjectStoreId>
	</Object>
	<Object>
		<Name>CBS Programmer Work Details</Name>
		<ClassName>CmAcmPage</ClassName>
		<Id>{005CB26A-0000-C810-85EF-CAAECE2C2CA3}</Id>
		<ObjectStoreId>{783D8C82-30EF-4877-B51A-0C96BC886307}</ObjectStoreId>
	</Object>
	<Object>
		<Name>CBS Programmer Work Details</Name>
		<ClassName>DynamicReferentialContainmentRelationship</ClassName>
		<Id>{2015CD5E-0000-C3B5-AE6A-20392C1134D8}</Id>
		<ObjectStoreId>{783D8C82-30EF-4877-B51A-0C96BC886307}</ObjectStoreId>
	</Object>
	<Object>
		<Name>Case Flow CBS Request Draft Work Details</Name>
		<ClassName>CmAcmPage</ClassName>
		<Id>{7068B26A-0000-C81E-AE0E-74F36CB106E6}</Id>
		<ObjectStoreId>{783D8C82-30EF-4877-B51A-0C96BC886307}</ObjectStoreId>
	</Object>
	<Object>
		<Name>Case Flow CBS Request Draft Work Details</Name>
		<ClassName>DynamicReferentialContainmentRelationship</ClassName>
		<Id>{502B6266-0000-C722-976A-E480DE52DC75}</Id>
		<ObjectStoreId>{783D8C82-30EF-4877-B51A-0C96BC886307}</ObjectStoreId>
	</Object>
	<Object>
		<Name>FRO Manager View</Name>
		<ClassName>CmAcmView</ClassName>
		<Id>{4020A468-0000-C91E-9A38-D7F490A4EDFB}</Id>
		<ObjectStoreId>{783D8C82-30EF-4877-B51A-0C96BC886307}</ObjectStoreId>
	</Object>
	<Object>
		<Name>FRO Manager View1</Name>
		<ClassName>DynamicReferentialContainmentRelationship</ClassName>
		<Id>{10D06A61-0000-C62A-A2D9-CAEFD78509AE}</Id>
		<ObjectStoreId>{783D8C82-30EF-4877-B51A-0C96BC886307}</ObjectStoreId>
	</Object>
	<Object>
		<Name>Case Flow CBS Work Details</Name>
		<ClassName>CmAcmPage</ClassName>
		<Id>{205BB26A-0000-CD10-BE38-60062EF4FE77}</Id>
		<ObjectStoreId>{783D8C82-30EF-4877-B51A-0C96BC886307}</ObjectStoreId>
	</Object>
	<Object>
		<Name>Case Flow CBS Work Details</Name>
		<ClassName>DynamicReferentialContainmentRelationship</ClassName>
		<Id>{40D43E66-0000-CA28-859E-80DC07A78EF9}</Id>
		<ObjectStoreId>{783D8C82-30EF-4877-B51A-0C96BC886307}</ObjectStoreId>
	</Object>
	<Object>
		<Name>FRO View</Name>
		<ClassName>CmAcmView</ClassName>
		<Id>{C020A468-0000-C31B-807A-98078997C34C}</Id>
		<ObjectStoreId>{783D8C82-30EF-4877-B51A-0C96BC886307}</ObjectStoreId>
	</Object>
	<Object>
		<Name>FRO View</Name>
		<ClassName>DynamicReferentialContainmentRelationship</ClassName>
		<Id>{00046A61-0000-C220-BAD8-C8AC14FB9EFF}</Id>
		<ObjectStoreId>{783D8C82-30EF-4877-B51A-0C96BC886307}</ObjectStoreId>
	</Object>
	<Object>
		<Name></Name>
		<ClassName>CmAcmSolutionLockControl</ClassName>
		<Id>{5071705E-0000-C550-9495-D4DEC7733E07}</Id>
		<ObjectStoreId>{783D8C82-30EF-4877-B51A-0C96BC886307}</ObjectStoreId>
	</Object>
	<Object>
		<Name>Solution Locks</Name>
		<ClassName>ReferentialContainmentRelationship</ClassName>
		<Id>{5071705E-0000-CD6E-AD8E-0802A04ED215}</Id>
		<ObjectStoreId>{783D8C82-30EF-4877-B51A-0C96BC886307}</ObjectStoreId>
	</Object>
	<Object>
		<Name>Service MailBox Admin View</Name>
		<ClassName>CmAcmView</ClassName>
		<Id>{4021A468-0000-C111-957F-8FE203A68D2D}</Id>
		<ObjectStoreId>{783D8C82-30EF-4877-B51A-0C96BC886307}</ObjectStoreId>
	</Object>
	<Object>
		<Name>Service MailBox Admin View</Name>
		<ClassName>DynamicReferentialContainmentRelationship</ClassName>
		<Id>{B0966A61-0000-CB2C-90CE-F15B00BCF6D2}</Id>
		<ObjectStoreId>{783D8C82-30EF-4877-B51A-0C96BC886307}</ObjectStoreId>
	</Object>
	<Object>
		<Name>Solution Workflow Collection</Name>
		<ClassName>WorkflowDefinition</ClassName>
		<Id>{D0C4715E-0000-CA4D-83F0-04C1E4FD58A9}</Id>
		<ObjectStoreId>{783D8C82-30EF-4877-B51A-0C96BC886307}</ObjectStoreId>
	</Object>
	<Object>
		<Name>Solution Workflow Collection</Name>
		<ClassName>DynamicReferentialContainmentRelationship</ClassName>
		<Id>{5071705E-0000-C3B8-ABD5-1922466C5F1F}</Id>
		<ObjectStoreId>{783D8C82-30EF-4877-B51A-0C96BC886307}</ObjectStoreId>
	</Object>
	<Object>
		<Name>Closed Request Case Details</Name>
		<ClassName>CmAcmPage</ClassName>
		<Id>{F01CB566-0000-C71D-AC0A-AC5C1EEC80A1}</Id>
		<ObjectStoreId>{783D8C82-30EF-4877-B51A-0C96BC886307}</ObjectStoreId>
	</Object>
	<Object>
		<Name>Closed Request Case Details</Name>
		<ClassName>DynamicReferentialContainmentRelationship</ClassName>
		<Id>{A0317D5F-0000-C627-8F5F-E5426BA74461}</Id>
		<ObjectStoreId>{783D8C82-30EF-4877-B51A-0C96BC886307}</ObjectStoreId>
	</Object>
	<Object>
		<Name>Super User or Recert Owner View</Name>
		<ClassName>CmAcmView</ClassName>
		<Id>{A021A468-0100-C17A-A054-670CCFBA5493}</Id>
		<ObjectStoreId>{783D8C82-30EF-4877-B51A-0C96BC886307}</ObjectStoreId>
	</Object>
	<Object>
		<Name>Super User or Recert Owner View</Name>
		<ClassName>DynamicReferentialContainmentRelationship</ClassName>
		<Id>{A0976A61-0000-C92C-9DDC-24AF4C6DC241}</Id>
		<ObjectStoreId>{783D8C82-30EF-4877-B51A-0C96BC886307}</ObjectStoreId>
	</Object>
	<Object>
		<Name></Name>
		<ClassName>CmAcmDraftArea</ClassName>
		<Id>{5071705E-0000-C379-AB83-EC7DAD4816AC}</Id>
		<ObjectStoreId>{783D8C82-30EF-4877-B51A-0C96BC886307}</ObjectStoreId>
	</Object>
	<Object>
		<Name>Solution Workflow Collection_Draft</Name>
		<ClassName>ReferentialContainmentRelationship</ClassName>
		<Id>{5071705E-0000-C485-BF5C-47DCAD70C6ED}</Id>
		<ObjectStoreId>{783D8C82-30EF-4877-B51A-0C96BC886307}</ObjectStoreId>
	</Object>
	<Object>
		<Name>Closed Request Work Details</Name>
		<ClassName>CmAcmPage</ClassName>
		<Id>{003D5D69-0000-C01E-AF75-24B0F529C32E}</Id>
		<ObjectStoreId>{783D8C82-30EF-4877-B51A-0C96BC886307}</ObjectStoreId>
	</Object>
	<Object>
		<Name>Closed Request Work Details</Name>
		<ClassName>DynamicReferentialContainmentRelationship</ClassName>
		<Id>{2015CD5E-0000-C4C6-AECF-105048A3FE3C}</Id>
		<ObjectStoreId>{783D8C82-30EF-4877-B51A-0C96BC886307}</ObjectStoreId>
	</Object>
	<Object>
		<Name>Closed Request Work Details for FTS</Name>
		<ClassName>CmAcmPage</ClassName>
		<Id>{D02E5D69-0100-C238-B31E-924323D6DFC2}</Id>
		<ObjectStoreId>{783D8C82-30EF-4877-B51A-0C96BC886307}</ObjectStoreId>
	</Object>
	<Object>
		<Name>Closed Request Work Details for FTS</Name>
		<ClassName>DynamicReferentialContainmentRelationship</ClassName>
		<Id>{D06B2F66-0000-CEFA-AE04-B66D4DCEDE42}</Id>
		<ObjectStoreId>{783D8C82-30EF-4877-B51A-0C96BC886307}</ObjectStoreId>
	</Object>
	<Object>
		<Name>Closed Request Work Details for Prod Support</Name>
		<ClassName>CmAcmPage</ClassName>
		<Id>{80175D69-0000-C31E-856F-40C7D04312FC}</Id>
		<ObjectStoreId>{783D8C82-30EF-4877-B51A-0C96BC886307}</ObjectStoreId>
	</Object>
	<Object>
		<Name>Closed Request Work Details for Prod Support</Name>
		<ClassName>DynamicReferentialContainmentRelationship</ClassName>
		<Id>{D06B2F66-0000-C6D4-B45B-DB83367BB27A}</Id>
		<ObjectStoreId>{783D8C82-30EF-4877-B51A-0C96BC886307}</ObjectStoreId>
	</Object>
	<Object>
		<Name>Closed Request Work Details for Testing</Name>
		<ClassName>CmAcmPage</ClassName>
		<Id>{E02A5D69-0000-CC7D-AF54-6CBB5AE47DEC}</Id>
		<ObjectStoreId>{783D8C82-30EF-4877-B51A-0C96BC886307}</ObjectStoreId>
	</Object>
	<Object>
		<Name>Closed Request Work Details for Testing</Name>
		<ClassName>DynamicReferentialContainmentRelationship</ClassName>
		<Id>{D06B2F66-0000-C1EC-9709-974B243C7A3D}</Id>
		<ObjectStoreId>{783D8C82-30EF-4877-B51A-0C96BC886307}</ObjectStoreId>
	</Object>
	<Object>
		<Name>Closed Request Work Details for CBS</Name>
		<ClassName>CmAcmPage</ClassName>
		<Id>{80325D69-0000-CB1E-9EEF-2007CA784C6D}</Id>
		<ObjectStoreId>{783D8C82-30EF-4877-B51A-0C96BC886307}</ObjectStoreId>
	</Object>
	<Object>
		<Name>Closed Request Work Detailsfor Case Flow CBS</Name>
		<ClassName>DynamicReferentialContainmentRelationship</ClassName>
		<Id>{D06B2F66-0100-C206-A089-A3236058DD24}</Id>
		<ObjectStoreId>{783D8C82-30EF-4877-B51A-0C96BC886307}</ObjectStoreId>
	</Object>
	<Object>
		<Name>CmAcmCASES_DEFAULT_PAGE</Name>
		<ClassName>CmAcmPage</ClassName>
		<Id>{1015BB5F-0000-C517-9FDD-2D9379D124AA}</Id>
		<ObjectStoreId>{783D8C82-30EF-4877-B51A-0C96BC886307}</ObjectStoreId>
	</Object>
	<Object>
		<Name>CmAcmCASES_DEFAULT_PAGE</Name>
		<ClassName>DynamicReferentialContainmentRelationship</ClassName>
		<Id>{5071705E-0200-C134-8B2F-E15AFC5C52BF}</Id>
		<ObjectStoreId>{783D8C82-30EF-4877-B51A-0C96BC886307}</ObjectStoreId>
	</Object>
	<Object>
		<Name>Add Case View-Testing</Name>
		<ClassName>CmAcmView</ClassName>
		<Id>{A0505568-0000-CC13-B37C-6DE4B6189E86}</Id>
		<ObjectStoreId>{783D8C82-30EF-4877-B51A-0C96BC886307}</ObjectStoreId>
	</Object>
	<Object>
		<Name>Add Case View</Name>
		<ClassName>DynamicReferentialContainmentRelationship</ClassName>
		<Id>{501F8065-0000-CF22-AE83-84250650D9B3}</Id>
		<ObjectStoreId>{783D8C82-30EF-4877-B51A-0C96BC886307}</ObjectStoreId>
	</Object>
	<Object>
		<Name>CmAcmCASE_DEFAULT_PAGE</Name>
		<ClassName>CmAcmPage</ClassName>
		<Id>{20E9AA66-0000-CE12-8383-AE4EB18FD257}</Id>
		<ObjectStoreId>{783D8C82-30EF-4877-B51A-0C96BC886307}</ObjectStoreId>
	</Object>
	<Object>
		<Name>CmAcmCASE_DEFAULT_PAGE</Name>
		<ClassName>DynamicReferentialContainmentRelationship</ClassName>
		<Id>{5071705E-0100-CFE9-9248-A9F04F2D85A9}</Id>
		<ObjectStoreId>{783D8C82-30EF-4877-B51A-0C96BC886307}</ObjectStoreId>
	</Object>
	<Object>
		<Name>CmAcmCASE_NEW_DEFAULT_PAGE</Name>
		<ClassName>CmAcmPage</ClassName>
		<Id>{40E99368-0000-C927-BE64-E9A4431814C7}</Id>
		<ObjectStoreId>{783D8C82-30EF-4877-B51A-0C96BC886307}</ObjectStoreId>
	</Object>
	<Object>
		<Name>CmAcmCASE_NEW_DEFAULT_PAGE</Name>
		<ClassName>DynamicReferentialContainmentRelationship</ClassName>
		<Id>{5071705E-0200-C04B-BEAD-17387AB366C1}</Id>
		<ObjectStoreId>{783D8C82-30EF-4877-B51A-0C96BC886307}</ObjectStoreId>
	</Object>
	<Object>
		<Name>Add Case View - New or Change DET</Name>
		<ClassName>CmAcmView</ClassName>
		<Id>{E0DBA469-0000-C914-AE0E-7D8EA419D5E1}</Id>
		<ObjectStoreId>{783D8C82-30EF-4877-B51A-0C96BC886307}</ObjectStoreId>
	</Object>
	<Object>
		<Name>Add Case View - New or Change DET</Name>
		<ClassName>DynamicReferentialContainmentRelationship</ClassName>
		<Id>{807D1B66-0000-C74A-8267-A23287864211}</Id>
		<ObjectStoreId>{783D8C82-30EF-4877-B51A-0C96BC886307}</ObjectStoreId>
	</Object>
	<Object>
		<Name>Add Case View - Prod Support</Name>
		<ClassName>CmAcmView</ClassName>
		<Id>{D0515568-0000-CB15-B888-57CC3B276ACC}</Id>
		<ObjectStoreId>{783D8C82-30EF-4877-B51A-0C96BC886307}</ObjectStoreId>
	</Object>
	<Object>
		<Name>Add Case View - Prod Support</Name>
		<ClassName>DynamicReferentialContainmentRelationship</ClassName>
		<Id>{807D1B66-0000-C739-9792-249EEE7163FD}</Id>
		<ObjectStoreId>{783D8C82-30EF-4877-B51A-0C96BC886307}</ObjectStoreId>
	</Object>
	<Object>
		<Name>CmAcmCASE_NEW_PAGE</Name>
		<ClassName>CmAcmPage</ClassName>
		<Id>{5071705E-0100-CB29-9993-76ECB1A5E31E}</Id>
		<ObjectStoreId>{783D8C82-30EF-4877-B51A-0C96BC886307}</ObjectStoreId>
	</Object>
	<Object>
		<Name>CmAcmCASE_NEW_PAGE</Name>
		<ClassName>DynamicReferentialContainmentRelationship</ClassName>
		<Id>{5071705E-0100-C3FF-80E4-0E4600B9B13A}</Id>
		<ObjectStoreId>{783D8C82-30EF-4877-B51A-0C96BC886307}</ObjectStoreId>
	</Object>
	<Object>
		<Name>Add Case View-FTS</Name>
		<ClassName>CmAcmView</ClassName>
		<Id>{40DCA469-0800-C158-9E42-7A6D9084F6BC}</Id>
		<ObjectStoreId>{783D8C82-30EF-4877-B51A-0C96BC886307}</ObjectStoreId>
	</Object>
	<Object>
		<Name>CmAcmCASE_PAGE</Name>
		<ClassName>CmAcmPage</ClassName>
		<Id>{A06A7D5F-0000-CE11-A038-DC8E9C1D5EEE}</Id>
		<ObjectStoreId>{783D8C82-30EF-4877-B51A-0C96BC886307}</ObjectStoreId>
	</Object>
	<Object>
		<Name>CmAcmCASE_PAGE</Name>
		<ClassName>DynamicReferentialContainmentRelationship</ClassName>
		<Id>{5071705E-0200-C85A-ABD4-50D2E56A8268}</Id>
		<ObjectStoreId>{783D8C82-30EF-4877-B51A-0C96BC886307}</ObjectStoreId>
	</Object>
	<Object>
		<Name>Add Case View-FTS</Name>
		<ClassName>DynamicReferentialContainmentRelationship</ClassName>
		<Id>{7011C865-0000-CC2C-BE7F-D5ABEA8A41E3}</Id>
		<ObjectStoreId>{783D8C82-30EF-4877-B51A-0C96BC886307}</ObjectStoreId>
	</Object>
	<Object>
		<Name>CmAcmCASE_SPLIT_DEFAULT_PAGE</Name>
		<ClassName>CmAcmPage</ClassName>
		<Id>{5071705E-0000-C2DD-976B-737828A3CDBE}</Id>
		<ObjectStoreId>{783D8C82-30EF-4877-B51A-0C96BC886307}</ObjectStoreId>
	</Object>
	<Object>
		<Name>CmAcmCASE_SPLIT_DEFAULT_PAGE</Name>
		<ClassName>DynamicReferentialContainmentRelationship</ClassName>
		<Id>{5071705E-0100-CFA8-B90C-06E775E2ADB2}</Id>
		<ObjectStoreId>{783D8C82-30EF-4877-B51A-0C96BC886307}</ObjectStoreId>
	</Object>
	<Object>
		<Name>CBS Gate Keeper View</Name>
		<ClassName>CmAcmView</ClassName>
		<Id>{D0A4A569-0500-C351-AF89-66258B41076C}</Id>
		<ObjectStoreId>{783D8C82-30EF-4877-B51A-0C96BC886307}</ObjectStoreId>
	</Object>
	<Object>
		<Name>CBS Gate Keeper View</Name>
		<ClassName>DynamicReferentialContainmentRelationship</ClassName>
		<Id>{D0301B5F-0000-C3D2-85B3-5C49AAF79E4C}</Id>
		<ObjectStoreId>{783D8C82-30EF-4877-B51A-0C96BC886307}</ObjectStoreId>
	</Object>
	<Object>
		<Name>CmAcmSTEP_ATTACHMENT_PAGE</Name>
		<ClassName>CmAcmPage</ClassName>
		<Id>{5071705E-0000-C8F1-8778-EC6C243CDA02}</Id>
		<ObjectStoreId>{783D8C82-30EF-4877-B51A-0C96BC886307}</ObjectStoreId>
	</Object>
	<Object>
		<Name>CmAcmSTEP_ATTACHMENT_PAGE</Name>
		<ClassName>DynamicReferentialContainmentRelationship</ClassName>
		<Id>{5071705E-0100-CEC6-A8D3-6BA098D363E7}</Id>
		<ObjectStoreId>{783D8C82-30EF-4877-B51A-0C96BC886307}</ObjectStoreId>
	</Object>
	<Object>
		<Name>CBS Programmer View</Name>
		<ClassName>CmAcmView</ClassName>
		<Id>{90DB7C66-0000-C111-A268-6264EA30BB15}</Id>
		<ObjectStoreId>{783D8C82-30EF-4877-B51A-0C96BC886307}</ObjectStoreId>
	</Object>
	<Object>
		<Name>CBS Programmer View</Name>
		<ClassName>DynamicReferentialContainmentRelationship</ClassName>
		<Id>{C05E1B5F-0000-CE25-8509-2DB4C3D19518}</Id>
		<ObjectStoreId>{783D8C82-30EF-4877-B51A-0C96BC886307}</ObjectStoreId>
	</Object>
	<Object>
		<Name>CmAcmSTEP_DEFAULT_PAGE</Name>
		<ClassName>CmAcmPage</ClassName>
		<Id>{603A7460-0000-CB10-8E58-1644081F373C}</Id>
		<ObjectStoreId>{783D8C82-30EF-4877-B51A-0C96BC886307}</ObjectStoreId>
	</Object>
	<Object>
		<Name>CmAcmSTEP_DEFAULT_PAGE</Name>
		<ClassName>DynamicReferentialContainmentRelationship</ClassName>
		<Id>{5071705E-0200-C768-B609-54BE15EF1D28}</Id>
		<ObjectStoreId>{783D8C82-30EF-4877-B51A-0C96BC886307}</ObjectStoreId>
	</Object>
	<Object>
		<Name>Case Flow (FTS) DET</Name>
		<ClassName>CmAcmView</ClassName>
		<Id>{A0DCA469-0000-CF26-9601-4A315C091FE0}</Id>
		<ObjectStoreId>{783D8C82-30EF-4877-B51A-0C96BC886307}</ObjectStoreId>
	</Object>
	<Object>
		<Name>Case Flow (FTS) DET</Name>
		<ClassName>DynamicReferentialContainmentRelationship</ClassName>
		<Id>{0002F665-0000-C125-A7C5-A53952AE2613}</Id>
		<ObjectStoreId>{783D8C82-30EF-4877-B51A-0C96BC886307}</ObjectStoreId>
	</Object>
	<Object>
		<Name>CmAcmSTEP_DYNAMIC_DEFAULT_PAGE</Name>
		<ClassName>CmAcmPage</ClassName>
		<Id>{3031FF60-0000-C618-8D9D-30C5A80A6705}</Id>
		<ObjectStoreId>{783D8C82-30EF-4877-B51A-0C96BC886307}</ObjectStoreId>
	</Object>
	<Object>
		<Name>CmAcmSTEP_DYNAMIC_DEFAULT_PAGE</Name>
		<ClassName>DynamicReferentialContainmentRelationship</ClassName>
		<Id>{5071705E-0200-C008-9237-05DE2702C9C6}</Id>
		<ObjectStoreId>{783D8C82-30EF-4877-B51A-0C96BC886307}</ObjectStoreId>
	</Object>
	<Object>
		<Name>Case Flow (FTS) DET - Request Draft</Name>
		<ClassName>CmAcmView</ClassName>
		<Id>{E0DCA469-0800-C671-99B7-032F037F5C20}</Id>
		<ObjectStoreId>{783D8C82-30EF-4877-B51A-0C96BC886307}</ObjectStoreId>
	</Object>
	<Object>
		<Name>Case Flow (FTS) DET - Request Draft</Name>
		<ClassName>DynamicReferentialContainmentRelationship</ClassName>
		<Id>{60B9CD66-0000-C02B-9DAC-BC2011690628}</Id>
		<ObjectStoreId>{783D8C82-30EF-4877-B51A-0C96BC886307}</ObjectStoreId>
	</Object>
	<Object>
		<Name>CmAcmSTEP_LAUNCH_DEFAULT_PAGE</Name>
		<ClassName>CmAcmPage</ClassName>
		<Id>{5071705E-0100-C252-9B76-6231C34BE9F5}</Id>
		<ObjectStoreId>{783D8C82-30EF-4877-B51A-0C96BC886307}</ObjectStoreId>
	</Object>
	<Object>
		<Name>CmAcmSTEP_LAUNCH_DEFAULT_PAGE</Name>
		<ClassName>DynamicReferentialContainmentRelationship</ClassName>
		<Id>{5071705E-0200-C825-9E7B-74C21036DE76}</Id>
		<ObjectStoreId>{783D8C82-30EF-4877-B51A-0C96BC886307}</ObjectStoreId>
	</Object>
	<Object>
		<Name>Case Flow CBS</Name>
		<ClassName>CmAcmView</ClassName>
		<Id>{503FC066-0000-CF15-BCAA-2D90A4067308}</Id>
		<ObjectStoreId>{783D8C82-30EF-4877-B51A-0C96BC886307}</ObjectStoreId>
	</Object>
	<Object>
		<Name>Case Flow CBS</Name>
		<ClassName>DynamicReferentialContainmentRelationship</ClassName>
		<Id>{40FDF565-0000-C923-9F0A-13A076346DE0}</Id>
		<ObjectStoreId>{783D8C82-30EF-4877-B51A-0C96BC886307}</ObjectStoreId>
	</Object>
	<Object>
		<Name>CmAcmSTEP_LAUNCH_PAGE</Name>
		<ClassName>CmAcmPage</ClassName>
		<Id>{5071705E-0000-CCED-BBF5-FD2493367C55}</Id>
		<ObjectStoreId>{783D8C82-30EF-4877-B51A-0C96BC886307}</ObjectStoreId>
	</Object>
	<Object>
		<Name>CmAcmSTEP_LAUNCH_PAGE</Name>
		<ClassName>DynamicReferentialContainmentRelationship</ClassName>
		<Id>{5071705E-0100-C5B6-B900-72CB89265C4C}</Id>
		<ObjectStoreId>{783D8C82-30EF-4877-B51A-0C96BC886307}</ObjectStoreId>
	</Object>
	<Object>
		<Name>Case Flow CBS - Request Draft</Name>
		<ClassName>CmAcmView</ClassName>
		<Id>{B0AB7C66-0000-CDF6-A3AC-9D3AC2BFD062}</Id>
		<ObjectStoreId>{783D8C82-30EF-4877-B51A-0C96BC886307}</ObjectStoreId>
	</Object>
	<Object>
		<Name>Case Flow CBS - Request Draft</Name>
		<ClassName>DynamicReferentialContainmentRelationship</ClassName>
		<Id>{F0735E66-0000-CB26-BE57-AED6E652EA2E}</Id>
		<ObjectStoreId>{783D8C82-30EF-4877-B51A-0C96BC886307}</ObjectStoreId>
	</Object>
	<Object>
		<Name>CmAcmSTEP_PAGE</Name>
		<ClassName>CmAcmPage</ClassName>
		<Id>{A0FF4C5F-0000-C71A-B3A0-0C165E6900C3}</Id>
		<ObjectStoreId>{783D8C82-30EF-4877-B51A-0C96BC886307}</ObjectStoreId>
	</Object>
	<Object>
		<Name>CmAcmSTEP_PAGE</Name>
		<ClassName>DynamicReferentialContainmentRelationship</ClassName>
		<Id>{5071705E-0200-CC15-9640-85AD0C93A319}</Id>
		<ObjectStoreId>{783D8C82-30EF-4877-B51A-0C96BC886307}</ObjectStoreId>
	</Object>
	<Object>
		<Name>Case Flow Prod support</Name>
		<ClassName>CmAcmView</ClassName>
		<Id>{20535568-0000-CB1D-BD35-214B63508FD9}</Id>
		<ObjectStoreId>{783D8C82-30EF-4877-B51A-0C96BC886307}</ObjectStoreId>
	</Object>
	<Object>
		<Name>Case Flow Prod support</Name>
		<ClassName>DynamicReferentialContainmentRelationship</ClassName>
		<Id>{A005F665-0000-C62D-BB15-DE47BE896A53}</Id>
		<ObjectStoreId>{783D8C82-30EF-4877-B51A-0C96BC886307}</ObjectStoreId>
	</Object>
	<Object>
		<Name>CmAcmWORK_DEFAULT_PAGE</Name>
		<ClassName>CmAcmPage</ClassName>
		<Id>{109BD561-0000-C016-B41B-BA2706630FEC}</Id>
		<ObjectStoreId>{783D8C82-30EF-4877-B51A-0C96BC886307}</ObjectStoreId>
	</Object>
	<Object>
		<Name>CmAcmWORK_DEFAULT_PAGE</Name>
		<ClassName>DynamicReferentialContainmentRelationship</ClassName>
		<Id>{5071705E-0100-C8DD-8675-1B7577766592}</Id>
		<ObjectStoreId>{783D8C82-30EF-4877-B51A-0C96BC886307}</ObjectStoreId>
	</Object>
	<Object>
		<Name>Case Flow Prod support - Request Draft</Name>
		<ClassName>CmAcmView</ClassName>
		<Id>{70535568-0000-C015-B911-CA78E10D172C}</Id>
		<ObjectStoreId>{783D8C82-30EF-4877-B51A-0C96BC886307}</ObjectStoreId>
	</Object>
	<Object>
		<Name>Case Flow Prod support - Request Draft</Name>
		<ClassName>DynamicReferentialContainmentRelationship</ClassName>
		<Id>{10BBCD66-0000-C320-B10C-4D040BC09EA1}</Id>
		<ObjectStoreId>{783D8C82-30EF-4877-B51A-0C96BC886307}</ObjectStoreId>
	</Object>
	<Object>
		<Name>Configuration Case Details</Name>
		<ClassName>CmAcmPage</ClassName>
		<Id>{40220E69-0000-C617-8602-A113B2048C2E}</Id>
		<ObjectStoreId>{783D8C82-30EF-4877-B51A-0C96BC886307}</ObjectStoreId>
	</Object>
	<Object>
		<Name>Configuration Case Details</Name>
		<ClassName>DynamicReferentialContainmentRelationship</ClassName>
		<Id>{A0CD295F-0000-C12F-8EA5-1E5D19470B7B}</Id>
		<ObjectStoreId>{783D8C82-30EF-4877-B51A-0C96BC886307}</ObjectStoreId>
	</Object>
	<Object>
		<Name>Case Flow Testing</Name>
		<ClassName>CmAcmView</ClassName>
		<Id>{C0535568-0000-CF17-9882-F3A81E8679D5}</Id>
		<ObjectStoreId>{783D8C82-30EF-4877-B51A-0C96BC886307}</ObjectStoreId>
	</Object>
	<Object>
		<Name>Case Flow Testing</Name>
		<ClassName>DynamicReferentialContainmentRelationship</ClassName>
		<Id>{D0FFF565-0000-C32B-9BD6-8C2A52D88397}</Id>
		<ObjectStoreId>{783D8C82-30EF-4877-B51A-0C96BC886307}</ObjectStoreId>
	</Object>
	<Object>
		<Name>DET Gate Keeper Case Details</Name>
		<ClassName>CmAcmPage</ClassName>
		<Id>{E0E4696A-0000-CE6F-99B4-5DD12B0503B3}</Id>
		<ObjectStoreId>{783D8C82-30EF-4877-B51A-0C96BC886307}</ObjectStoreId>
	</Object>
	<Object>
		<Name>DET Gate Keeper Case Details</Name>
		<ClassName>DynamicReferentialContainmentRelationship</ClassName>
		<Id>{206CCD5E-0000-CEA9-93F2-AB4D77ADF653}</Id>
		<ObjectStoreId>{783D8C82-30EF-4877-B51A-0C96BC886307}</ObjectStoreId>
	</Object>
	<Object>
		<Name>Case Flow Testing - Request Draft</Name>
		<ClassName>CmAcmView</ClassName>
		<Id>{10545568-0000-C21B-9D31-A28658FEFF10}</Id>
		<ObjectStoreId>{783D8C82-30EF-4877-B51A-0C96BC886307}</ObjectStoreId>
	</Object>
	<Object>
		<Name>Case Flow Testing - Request Draft</Name>
		<ClassName>DynamicReferentialContainmentRelationship</ClassName>
		<Id>{40BACD66-0000-CE22-93FD-634C4BB608CB}</Id>
		<ObjectStoreId>{783D8C82-30EF-4877-B51A-0C96BC886307}</ObjectStoreId>
	</Object>
	<Object>
		<Name>Closed Request View</Name>
		<ClassName>CmAcmView</ClassName>
		<Id>{70DDA469-0000-CB11-8EAC-E5BACFD26CD6}</Id>
		<ObjectStoreId>{783D8C82-30EF-4877-B51A-0C96BC886307}</ObjectStoreId>
	</Object>
	<Object>
		<Name>DET Gate Keeper Work Details</Name>
		<ClassName>CmAcmPage</ClassName>
		<Id>{0000676C-0000-CD16-B62E-6AE8ABE6BA9E}</Id>
		<ObjectStoreId>{783D8C82-30EF-4877-B51A-0C96BC886307}</ObjectStoreId>
	</Object>
	<Object>
		<Name>DET Gate Keeper Work Details</Name>
		<ClassName>DynamicReferentialContainmentRelationship</ClassName>
		<Id>{2015CD5E-0100-C611-90E6-62AFB690B7D4}</Id>
		<ObjectStoreId>{783D8C82-30EF-4877-B51A-0C96BC886307}</ObjectStoreId>
	</Object>
	<Object>
		<Name>Closed Request View</Name>
		<ClassName>DynamicReferentialContainmentRelationship</ClassName>
		<Id>{B0022B5F-0000-CB41-BCA2-B28628D2A331}</Id>
		<ObjectStoreId>{783D8C82-30EF-4877-B51A-0C96BC886307}</ObjectStoreId>
	</Object>
	<Object>
		<Name>DET Transmission Analyst Work Details</Name>
		<ClassName>CmAcmPage</ClassName>
		<Id>{0092716C-0000-C914-906F-6208246B1F42}</Id>
		<ObjectStoreId>{783D8C82-30EF-4877-B51A-0C96BC886307}</ObjectStoreId>
	</Object>
	<Object>
		<Name>DET Transmission Analyst Work Details</Name>
		<ClassName>DynamicReferentialContainmentRelationship</ClassName>
		<Id>{E0A0B45F-0000-CB31-A9F9-CC312A5363F9}</Id>
		<ObjectStoreId>{783D8C82-30EF-4877-B51A-0C96BC886307}</ObjectStoreId>
	</Object>
	<Object>
		<Name>Closed Request View for CBS</Name>
		<ClassName>CmAcmView</ClassName>
		<Id>{E020C466-0000-C925-BCB5-503B20E7BC22}</Id>
		<ObjectStoreId>{783D8C82-30EF-4877-B51A-0C96BC886307}</ObjectStoreId>
	</Object>
	<Object>
		<Name>Closed Request View for CBS</Name>
		<ClassName>DynamicReferentialContainmentRelationship</ClassName>
		<Id>{A0562F66-0000-C4B3-8E4D-4C7933E067DD}</Id>
		<ObjectStoreId>{783D8C82-30EF-4877-B51A-0C96BC886307}</ObjectStoreId>
	</Object>
	<Object>
		<Name>Closed Request View for Case Flow (FTS) DET</Name>
		<ClassName>CmAcmView</ClassName>
		<Id>{C0DDA469-0300-C8C4-A860-98F11C530B84}</Id>
		<ObjectStoreId>{783D8C82-30EF-4877-B51A-0C96BC886307}</ObjectStoreId>
	</Object>
	<Object>
		<Name>Closed Request View for Case Flow (FTS) DET</Name>
		<ClassName>DynamicReferentialContainmentRelationship</ClassName>
		<Id>{A0562F66-0000-C091-A98B-03B902EC01B5}</Id>
		<ObjectStoreId>{783D8C82-30EF-4877-B51A-0C96BC886307}</ObjectStoreId>
	</Object>
	<Object>
		<Name>Deployer Case Details</Name>
		<ClassName>CmAcmPage</ClassName>
		<Id>{C0E7696A-0000-CF33-9B74-5042239B9F4E}</Id>
		<ObjectStoreId>{783D8C82-30EF-4877-B51A-0C96BC886307}</ObjectStoreId>
	</Object>
	<Object>
		<Name>Deployer Case Details</Name>
		<ClassName>DynamicReferentialContainmentRelationship</ClassName>
		<Id>{80327D5F-0000-C525-97DA-4FB7B6AFB0B6}</Id>
		<ObjectStoreId>{783D8C82-30EF-4877-B51A-0C96BC886307}</ObjectStoreId>
	</Object>
	<Object>
		<Name>Closed Request View for Case Flow Prod support</Name>
		<ClassName>CmAcmView</ClassName>
		<Id>{70677A68-0000-CC11-B153-E375E5AE3DAD}</Id>
		<ObjectStoreId>{783D8C82-30EF-4877-B51A-0C96BC886307}</ObjectStoreId>
	</Object>
	<Object>
		<Name>Closed Request View for Case Flow Prod support</Name>
		<ClassName>DynamicReferentialContainmentRelationship</ClassName>
		<Id>{A0562F66-0000-C3F1-B211-78AAB295CF9F}</Id>
		<ObjectStoreId>{783D8C82-30EF-4877-B51A-0C96BC886307}</ObjectStoreId>
	</Object>
	<Object>
		<Name>Deployer Work Details</Name>
		<ClassName>CmAcmPage</ClassName>
		<Id>{60EFDA6B-0000-CA13-8DDE-5980FE1B7E68}</Id>
		<ObjectStoreId>{783D8C82-30EF-4877-B51A-0C96BC886307}</ObjectStoreId>
	</Object>
	<Object>
		<Name>Deployer Work Details</Name>
		<ClassName>DynamicReferentialContainmentRelationship</ClassName>
		<Id>{2015CD5E-0000-C7EB-8933-73F95C674312}</Id>
		<ObjectStoreId>{783D8C82-30EF-4877-B51A-0C96BC886307}</ObjectStoreId>
	</Object>
	<Object>
		<Name>Closed Request View for Case Flow Testing</Name>
		<ClassName>CmAcmView</ClassName>
		<Id>{A0677A68-0000-C814-9B49-F6C896CA3FB4}</Id>
		<ObjectStoreId>{783D8C82-30EF-4877-B51A-0C96BC886307}</ObjectStoreId>
	</Object>
	<Object>
		<Name>Closed Request View for Case Flow Testing</Name>
		<ClassName>DynamicReferentialContainmentRelationship</ClassName>
		<Id>{A0562F66-0100-CE0B-AC54-0D67D829C166}</Id>
		<ObjectStoreId>{783D8C82-30EF-4877-B51A-0C96BC886307}</ObjectStoreId>
	</Object>
	<Object>
		<Name>FRO Manager Work Details</Name>
		<ClassName>CmAcmPage</ClassName>
		<Id>{D01F0E69-0700-CD93-A73C-EA5504F697B9}</Id>
		<ObjectStoreId>{783D8C82-30EF-4877-B51A-0C96BC886307}</ObjectStoreId>
	</Object>
	<Object>
		<Name>FRO Manager Work Details</Name>
		<ClassName>DynamicReferentialContainmentRelationship</ClassName>
		<Id>{60F19361-0000-C760-BBAA-77CA25C1A3CA}</Id>
		<ObjectStoreId>{783D8C82-30EF-4877-B51A-0C96BC886307}</ObjectStoreId>
	</Object>
	<Object>
		<Name>Inquiry Details View</Name>
		<ClassName>CmAcmView</ClassName>
		<Id>{D0931C67-0000-C117-A86B-45A2FA51A45D}</Id>
		<ObjectStoreId>{783D8C82-30EF-4877-B51A-0C96BC886307}</ObjectStoreId>
	</Object>
	<Object>
		<Name>Inquiry Details View</Name>
		<ClassName>DynamicReferentialContainmentRelationship</ClassName>
		<Id>{50B3495F-0000-C548-8462-C76AB856F56B}</Id>
		<ObjectStoreId>{783D8C82-30EF-4877-B51A-0C96BC886307}</ObjectStoreId>
	</Object>
	<Object>
		<Name>FRO Work Details</Name>
		<ClassName>CmAcmPage</ClassName>
		<Id>{90200E69-0000-C977-9BB0-D71598F066A9}</Id>
		<ObjectStoreId>{783D8C82-30EF-4877-B51A-0C96BC886307}</ObjectStoreId>
	</Object>
	<Object>
		<Name>FRO Work Details</Name>
		<ClassName>DynamicReferentialContainmentRelationship</ClassName>
		<Id>{60ED9361-0000-CC23-8ACF-C65B50502440}</Id>
		<ObjectStoreId>{783D8C82-30EF-4877-B51A-0C96BC886307}</ObjectStoreId>
	</Object>
	<Object>
		<Name>Manager View</Name>
		<ClassName>CmAcmView</ClassName>
		<Id>{20DEA469-0500-C291-938F-943262554B54}</Id>
		<ObjectStoreId>{783D8C82-30EF-4877-B51A-0C96BC886307}</ObjectStoreId>
	</Object>
	<Object>
		<Name>Manager View</Name>
		<ClassName>DynamicReferentialContainmentRelationship</ClassName>
		<Id>{40641B5F-0000-CA28-9F3B-2B2813FF4932}</Id>
		<ObjectStoreId>{783D8C82-30EF-4877-B51A-0C96BC886307}</ObjectStoreId>
	</Object>
	<Object>
		<Name>Request Details View</Name>
		<ClassName>CmAcmView</ClassName>
		<Id>{70DEA469-0000-CC19-89CD-A6D7DC230886}</Id>
		<ObjectStoreId>{783D8C82-30EF-4877-B51A-0C96BC886307}</ObjectStoreId>
	</Object>
	<Object>
		<Name>Request Details View</Name>
		<ClassName>DynamicReferentialContainmentRelationship</ClassName>
		<Id>{C029CD5E-0000-CE43-AB76-15CC425839AA}</Id>
		<ObjectStoreId>{783D8C82-30EF-4877-B51A-0C96BC886307}</ObjectStoreId>
	</Object>
	<Object>
		<Name>FTS Work Details</Name>
		<ClassName>CmAcmPage</ClassName>
		<Id>{00399E6B-0400-CAF7-9AEB-C6ED308273AC}</Id>
		<ObjectStoreId>{783D8C82-30EF-4877-B51A-0C96BC886307}</ObjectStoreId>
	</Object>
	<Object>
		<Name>FTS Work Details</Name>
		<ClassName>DynamicReferentialContainmentRelationship</ClassName>
		<Id>{C08BFC65-0000-C523-87B5-991DCA414F8E}</Id>
		<ObjectStoreId>{783D8C82-30EF-4877-B51A-0C96BC886307}</ObjectStoreId>
	</Object>
	<Object>
		<Name>Request Draft View</Name>
		<ClassName>CmAcmView</ClassName>
		<Id>{B0DEA469-0000-CA71-BB30-F6BC6C4B544D}</Id>
		<ObjectStoreId>{783D8C82-30EF-4877-B51A-0C96BC886307}</ObjectStoreId>
	</Object>
	<Object>
		<Name>Request Draft View</Name>
		<ClassName>DynamicReferentialContainmentRelationship</ClassName>
		<Id>{D0301B5F-0000-CE93-B18A-5B2DBAB876B1}</Id>
		<ObjectStoreId>{783D8C82-30EF-4877-B51A-0C96BC886307}</ObjectStoreId>
	</Object>
	<Object>
		<Name>Gate Keeper Work Details</Name>
		<ClassName>CmAcmPage</ClassName>
		<Id>{007DAD6B-0000-C81A-8811-7F8A4273B01E}</Id>
		<ObjectStoreId>{783D8C82-30EF-4877-B51A-0C96BC886307}</ObjectStoreId>
	</Object>
	<Object>
		<Name>Gate Keeper Work Details</Name>
		<ClassName>DynamicReferentialContainmentRelationship</ClassName>
		<Id>{E0A0B45F-0000-C641-AB6C-E443B7AAE70F}</Id>
		<ObjectStoreId>{783D8C82-30EF-4877-B51A-0C96BC886307}</ObjectStoreId>
	</Object>
	<Object>
		<Name>Requestor Details View</Name>
		<ClassName>CmAcmView</ClassName>
		<Id>{10DFA469-0000-C61C-BE81-20D7BF2C6F8E}</Id>
		<ObjectStoreId>{783D8C82-30EF-4877-B51A-0C96BC886307}</ObjectStoreId>
	</Object>
	<Object>
		<Name>Requester Details View</Name>
		<ClassName>DynamicReferentialContainmentRelationship</ClassName>
		<Id>{E0C4B95F-0000-C040-851A-1247A09EEEE0}</Id>
		<ObjectStoreId>{783D8C82-30EF-4877-B51A-0C96BC886307}</ObjectStoreId>
	</Object>
	<Object>
		<Name>Transmission Analyst Details View</Name>
		<ClassName>CmAcmView</ClassName>
		<Id>{60DFA469-0100-C455-9FF5-09E3874BD0EE}</Id>
		<ObjectStoreId>{783D8C82-30EF-4877-B51A-0C96BC886307}</ObjectStoreId>
	</Object>
	<Object>
		<Name>Transmission Analyst Details View</Name>
		<ClassName>DynamicReferentialContainmentRelationship</ClassName>
		<Id>{B0FABA5F-0000-C32B-8CAE-7E79872F844E}</Id>
		<ObjectStoreId>{783D8C82-30EF-4877-B51A-0C96BC886307}</ObjectStoreId>
	</Object>
	<Object>
		<Name>Inquiry Case Details</Name>
		<ClassName>CmAcmPage</ClassName>
		<Id>{10BC1267-0000-C11D-990B-7E78C7DD4F35}</Id>
		<ObjectStoreId>{783D8C82-30EF-4877-B51A-0C96BC886307}</ObjectStoreId>
	</Object>
	<Object>
		<Name>Inquiry Case Details</Name>
		<ClassName>DynamicReferentialContainmentRelationship</ClassName>
		<Id>{00317D5F-0000-C324-A4B2-FDAF81C2C5EC}</Id>
		<ObjectStoreId>{783D8C82-30EF-4877-B51A-0C96BC886307}</ObjectStoreId>
	</Object>
	<Object>
		<Name>Workstop Details View</Name>
		<ClassName>CmAcmView</ClassName>
		<Id>{D0DFA469-0000-CD11-8458-F4AD1C44FB97}</Id>
		<ObjectStoreId>{783D8C82-30EF-4877-B51A-0C96BC886307}</ObjectStoreId>
	</Object>
	<Object>
		<Name>Workstop Details View</Name>
		<ClassName>DynamicReferentialContainmentRelationship</ClassName>
		<Id>{50B3495F-0000-C431-9D63-EA340D74AE94}</Id>
		<ObjectStoreId>{783D8C82-30EF-4877-B51A-0C96BC886307}</ObjectStoreId>
	</Object>
	<Object>
		<Name>Workstop Details View for CBS</Name>
		<ClassName>CmAcmView</ClassName>
		<Id>{B024C466-0000-C31B-AE63-88A79A7794E5}</Id>
		<ObjectStoreId>{783D8C82-30EF-4877-B51A-0C96BC886307}</ObjectStoreId>
	</Object>
	<Object>
		<Name>Workstop Details View for CBS</Name>
		<ClassName>DynamicReferentialContainmentRelationship</ClassName>
		<Id>{A0562F66-0000-CFC4-9185-185C4B965868}</Id>
		<ObjectStoreId>{783D8C82-30EF-4877-B51A-0C96BC886307}</ObjectStoreId>
	</Object>
	<Object>
		<Name>Manager Case Details</Name>
		<ClassName>CmAcmPage</ClassName>
		<Id>{D0E3696A-0100-C340-974F-3DB4991B76A6}</Id>
		<ObjectStoreId>{783D8C82-30EF-4877-B51A-0C96BC886307}</ObjectStoreId>
	</Object>
	<Object>
		<Name>Manager Case Details</Name>
		<ClassName>DynamicReferentialContainmentRelationship</ClassName>
		<Id>{60307D5F-0000-C22E-B830-7CE8516B747E}</Id>
		<ObjectStoreId>{783D8C82-30EF-4877-B51A-0C96BC886307}</ObjectStoreId>
	</Object>
	<Object>
		<Name>Manager Work Details</Name>
		<ClassName>CmAcmPage</ClassName>
		<Id>{B07BAD6B-0200-CC34-A799-D56575F9FDAC}</Id>
		<ObjectStoreId>{783D8C82-30EF-4877-B51A-0C96BC886307}</ObjectStoreId>
	</Object>
	<Object>
		<Name>Manager Work Details</Name>
		<ClassName>DynamicReferentialContainmentRelationship</ClassName>
		<Id>{2015CD5E-0100-CE25-A069-CC5B55679D0A}</Id>
		<ObjectStoreId>{783D8C82-30EF-4877-B51A-0C96BC886307}</ObjectStoreId>
	</Object>
	<Object>
		<Name>Workstop Details View for Case Flow (FTS) DET</Name>
		<ClassName>CmAcmView</ClassName>
		<Id>{40E0A469-0400-C35E-AB12-F0CA4D797750}</Id>
		<ObjectStoreId>{783D8C82-30EF-4877-B51A-0C96BC886307}</ObjectStoreId>
	</Object>
	<Object>
		<Name>Workstop Details View for Case Flow (FTS) DET</Name>
		<ClassName>DynamicReferentialContainmentRelationship</ClassName>
		<Id>{A0562F66-0000-C9E9-9FB4-149E4E7A7620}</Id>
		<ObjectStoreId>{783D8C82-30EF-4877-B51A-0C96BC886307}</ObjectStoreId>
	</Object>
	<Object>
		<Name>Prod Support Work Details</Name>
		<ClassName>CmAcmPage</ClassName>
		<Id>{E0398A6C-0200-CE73-BB06-0D5F6F976311}</Id>
		<ObjectStoreId>{783D8C82-30EF-4877-B51A-0C96BC886307}</ObjectStoreId>
	</Object>
	<Object>
		<Name>Prod Support Work Details</Name>
		<ClassName>DynamicReferentialContainmentRelationship</ClassName>
		<Id>{208BFC65-0000-C52B-843A-7A592CA6CC14}</Id>
		<ObjectStoreId>{783D8C82-30EF-4877-B51A-0C96BC886307}</ObjectStoreId>
	</Object>
	<Object>
		<Name>Workstop Details View for Case Flow Testing</Name>
		<ClassName>CmAcmView</ClassName>
		<Id>{60687A68-0000-CC10-8487-825E596B0DD7}</Id>
		<ObjectStoreId>{783D8C82-30EF-4877-B51A-0C96BC886307}</ObjectStoreId>
	</Object>
	<Object>
		<Name>Workstop Details View for Case Flow Testing</Name>
		<ClassName>DynamicReferentialContainmentRelationship</ClassName>
		<Id>{A0562F66-0000-CFAA-ACE7-47C7A41EC611}</Id>
		<ObjectStoreId>{783D8C82-30EF-4877-B51A-0C96BC886307}</ObjectStoreId>
	</Object>
	<Object>
		<Name>Recertification Case Details</Name>
		<ClassName>CmAcmPage</ClassName>
		<Id>{509BD161-0000-C617-B12D-B52EC3F66047}</Id>
		<ObjectStoreId>{783D8C82-30EF-4877-B51A-0C96BC886307}</ObjectStoreId>
	</Object>
	<Object>
		<Name>Recertification Case Details</Name>
		<ClassName>DynamicReferentialContainmentRelationship</ClassName>
		<Id>{D0EB9361-0000-CD2B-81F9-A85C9421003A}</Id>
		<ObjectStoreId>{783D8C82-30EF-4877-B51A-0C96BC886307}</ObjectStoreId>
	</Object>
	<Object>
		<Name>Workstop Details View for Case View - Prod Support</Name>
		<ClassName>CmAcmView</ClassName>
		<Id>{B0687A68-0000-C516-9161-83A93BA1BFB9}</Id>
		<ObjectStoreId>{783D8C82-30EF-4877-B51A-0C96BC886307}</ObjectStoreId>
	</Object>
	<Object>
		<Name>Recertification Search</Name>
		<ClassName>CmAcmPage</ClassName>
		<Id>{A044BE61-0000-C61F-B72B-5D7BEC9BA016}</Id>
		<ObjectStoreId>{783D8C82-30EF-4877-B51A-0C96BC886307}</ObjectStoreId>
	</Object>
	<Object>
		<Name>Recertification Search</Name>
		<ClassName>DynamicReferentialContainmentRelationship</ClassName>
		<Id>{B06DBC61-0000-C82E-92B6-A089D9CDAD26}</Id>
		<ObjectStoreId>{783D8C82-30EF-4877-B51A-0C96BC886307}</ObjectStoreId>
	</Object>
	<Object>
		<Name>Workstop Details View for Case View - Prod Support</Name>
		<ClassName>DynamicReferentialContainmentRelationship</ClassName>
		<Id>{A0562F66-0000-C6DC-8A85-9D7F96F7580E}</Id>
		<ObjectStoreId>{783D8C82-30EF-4877-B51A-0C96BC886307}</ObjectStoreId>
	</Object>
	<Object>
		<Name>Recertification Work</Name>
		<ClassName>CmAcmPage</ClassName>
		<Id>{50718368-0000-C414-99DD-B940BBA43348}</Id>
		<ObjectStoreId>{783D8C82-30EF-4877-B51A-0C96BC886307}</ObjectStoreId>
	</Object>
	<Object>
		<Name>Recertification Work</Name>
		<ClassName>DynamicReferentialContainmentRelationship</ClassName>
		<Id>{40E59361-0000-C921-9BFF-98F34A8D957C}</Id>
		<ObjectStoreId>{783D8C82-30EF-4877-B51A-0C96BC886307}</ObjectStoreId>
	</Object>
	<Object>
		<Name>Recertification Work</Name>
		<ClassName>CmAcmPage</ClassName>
		<Id>{10708368-0300-CEFA-B6E9-D8B11716E9E4}</Id>
		<ObjectStoreId>{783D8C82-30EF-4877-B51A-0C96BC886307}</ObjectStoreId>
	</Object>
	<Object>
		<Name>Recertification Work1</Name>
		<ClassName>DynamicReferentialContainmentRelationship</ClassName>
		<Id>{702F0B62-0000-C725-A507-9925753981DC}</Id>
		<ObjectStoreId>{783D8C82-30EF-4877-B51A-0C96BC886307}</ObjectStoreId>
	</Object>
	<Object>
		<Name>Request Draft FTS Work Details</Name>
		<ClassName>CmAcmPage</ClassName>
		<Id>{90539E6B-0000-C815-B28B-80DF928E6254}</Id>
		<ObjectStoreId>{783D8C82-30EF-4877-B51A-0C96BC886307}</ObjectStoreId>
	</Object>
	<Object>
		<Name>Request Draft FTS Work Details</Name>
		<ClassName>DynamicReferentialContainmentRelationship</ClassName>
		<Id>{F0C86B66-0000-C64E-80A1-7CFA7409E5B9}</Id>
		<ObjectStoreId>{783D8C82-30EF-4877-B51A-0C96BC886307}</ObjectStoreId>
	</Object>
	<Object>
		<Name>Request Draft Prod Support Work Details</Name>
		<ClassName>CmAcmPage</ClassName>
		<Id>{D062B26A-0000-C51A-B0F8-234CA306F039}</Id>
		<ObjectStoreId>{783D8C82-30EF-4877-B51A-0C96BC886307}</ObjectStoreId>
	</Object>
	<Object>
		<Name>Request Draft Prod Support Work Details</Name>
		<ClassName>DynamicReferentialContainmentRelationship</ClassName>
		<Id>{F0C86B66-0000-C96E-A926-FE20B69DBE0F}</Id>
		<ObjectStoreId>{783D8C82-30EF-4877-B51A-0C96BC886307}</ObjectStoreId>
	</Object>
	<Object>
		<Name>Request Draft Testing Work Details</Name>
		<ClassName>CmAcmPage</ClassName>
		<Id>{306DB26A-0000-CE1F-9E2A-EDD0E3FC09E0}</Id>
		<ObjectStoreId>{783D8C82-30EF-4877-B51A-0C96BC886307}</ObjectStoreId>
	</Object>
	<Object>
		<Name>Request Draft Testing Work Details</Name>
		<ClassName>DynamicReferentialContainmentRelationship</ClassName>
		<Id>{F0C86B66-0000-CC5D-8650-B74C8E416728}</Id>
		<ObjectStoreId>{783D8C82-30EF-4877-B51A-0C96BC886307}</ObjectStoreId>
	</Object>
	<Object>
		<Name>Request Search</Name>
		<ClassName>CmAcmPage</ClassName>
		<Id>{C0DAE769-0100-C110-AE76-0F5B1A78E252}</Id>
		<ObjectStoreId>{783D8C82-30EF-4877-B51A-0C96BC886307}</ObjectStoreId>
	</Object>
	<Object>
		<Name>Request Search</Name>
		<ClassName>DynamicReferentialContainmentRelationship</ClassName>
		<Id>{40581360-0000-C723-AA1F-2D2CAABE2B2A}</Id>
		<ObjectStoreId>{783D8C82-30EF-4877-B51A-0C96BC886307}</ObjectStoreId>
	</Object>
	<Object>
		<Name>Request Search</Name>
		<ClassName>CmAcmPage</ClassName>
		<Id>{B0DAA96C-0000-C11A-A21C-6275FC652074}</Id>
		<ObjectStoreId>{783D8C82-30EF-4877-B51A-0C96BC886307}</ObjectStoreId>
	</Object>
	<Object>
		<Name>Request Search1</Name>
		<ClassName>DynamicReferentialContainmentRelationship</ClassName>
		<Id>{D0937D5F-0000-CD2E-A179-2256B22EB7EB}</Id>
		<ObjectStoreId>{783D8C82-30EF-4877-B51A-0C96BC886307}</ObjectStoreId>
	</Object>
	<Object>
		<Name>Requestor Case Details</Name>
		<ClassName>CmAcmPage</ClassName>
		<Id>{70DBA96C-0000-C91A-A72B-ECA82A1E23AF}</Id>
		<ObjectStoreId>{783D8C82-30EF-4877-B51A-0C96BC886307}</ObjectStoreId>
	</Object>
	<Object>
		<Name>Requester Case Details</Name>
		<ClassName>DynamicReferentialContainmentRelationship</ClassName>
		<Id>{206CCD5E-0000-CFD9-8E9A-4EA440C5824A}</Id>
		<ObjectStoreId>{783D8C82-30EF-4877-B51A-0C96BC886307}</ObjectStoreId>
	</Object>
	<Object>
		<Name>Requestor Work</Name>
		<ClassName>CmAcmPage</ClassName>
		<Id>{50927666-0000-C43D-8DBE-87B43BCC88DF}</Id>
		<ObjectStoreId>{783D8C82-30EF-4877-B51A-0C96BC886307}</ObjectStoreId>
	</Object>
	<Object>
		<Name>Requester Work</Name>
		<ClassName>DynamicReferentialContainmentRelationship</ClassName>
		<Id>{505B995E-0000-C621-AB0B-FD7FB19A7014}</Id>
		<ObjectStoreId>{783D8C82-30EF-4877-B51A-0C96BC886307}</ObjectStoreId>
	</Object>
	<Object>
		<Name>Requestor Work Details</Name>
		<ClassName>CmAcmPage</ClassName>
		<Id>{1037AD6B-0000-C313-932C-01E6F255BDDF}</Id>
		<ObjectStoreId>{783D8C82-30EF-4877-B51A-0C96BC886307}</ObjectStoreId>
	</Object>
	<Object>
		<Name>Requester Work Details</Name>
		<ClassName>DynamicReferentialContainmentRelationship</ClassName>
		<Id>{E0C4B95F-0000-CB23-958C-354476590A85}</Id>
		<ObjectStoreId>{783D8C82-30EF-4877-B51A-0C96BC886307}</ObjectStoreId>
	</Object>
	<Object>
		<Name>Requestor Work</Name>
		<ClassName>CmAcmPage</ClassName>
		<Id>{507E7069-0500-CC11-962A-C5724F4089B3}</Id>
		<ObjectStoreId>{783D8C82-30EF-4877-B51A-0C96BC886307}</ObjectStoreId>
	</Object>
	<Object>
		<Name>Requestor Work</Name>
		<ClassName>DynamicReferentialContainmentRelationship</ClassName>
		<Id>{60B3F860-0000-CE26-AFB2-E1270B08C71D}</Id>
		<ObjectStoreId>{783D8C82-30EF-4877-B51A-0C96BC886307}</ObjectStoreId>
	</Object>
	<Object>
		<Name>Service MailBox Admin Work Details</Name>
		<ClassName>CmAcmPage</ClassName>
		<Id>{50210E69-0000-CC18-9235-BC6DC8EE8616}</Id>
		<ObjectStoreId>{783D8C82-30EF-4877-B51A-0C96BC886307}</ObjectStoreId>
	</Object>
	<Object>
		<Name>Service MailBox Admin Work Details</Name>
		<ClassName>DynamicReferentialContainmentRelationship</ClassName>
		<Id>{60F19361-0000-C942-B7A4-88E72CF6FBD4}</Id>
		<ObjectStoreId>{783D8C82-30EF-4877-B51A-0C96BC886307}</ObjectStoreId>
	</Object>
	<Object>
		<Name>Service Request Draft Work Details</Name>
		<ClassName>CmAcmPage</ClassName>
		<Id>{E0119E6B-0000-C715-BCBB-EC321E8A3705}</Id>
		<ObjectStoreId>{783D8C82-30EF-4877-B51A-0C96BC886307}</ObjectStoreId>
	</Object>
	<Object>
		<Name>Service Request Draft Work Details</Name>
		<ClassName>DynamicReferentialContainmentRelationship</ClassName>
		<Id>{2015CD5E-0100-CD37-BA71-3F8A5ADCD9AA}</Id>
		<ObjectStoreId>{783D8C82-30EF-4877-B51A-0C96BC886307}</ObjectStoreId>
	</Object>
	<Object>
		<Name>Service Request Work</Name>
		<ClassName>CmAcmPage</ClassName>
		<Id>{0078C370-0000-CA12-8AD0-0FA517F114D1}</Id>
		<ObjectStoreId>{783D8C82-30EF-4877-B51A-0C96BC886307}</ObjectStoreId>
	</Object>
	<Object>
		<Name>Service Request Work</Name>
		<ClassName>DynamicReferentialContainmentRelationship</ClassName>
		<Id>{4028795F-0000-C329-86C0-374289A73AC5}</Id>
		<ObjectStoreId>{783D8C82-30EF-4877-B51A-0C96BC886307}</ObjectStoreId>
	</Object>
	<Object>
		<Name>Service Request Work Details</Name>
		<ClassName>CmAcmPage</ClassName>
		<Id>{30499E6B-0200-C6BC-B6F0-B49851B45EBB}</Id>
		<ObjectStoreId>{783D8C82-30EF-4877-B51A-0C96BC886307}</ObjectStoreId>
	</Object>
	<Object>
		<Name>Service Request Work Details</Name>
		<ClassName>DynamicReferentialContainmentRelationship</ClassName>
		<Id>{2015CD5E-0000-C6DC-8443-71D2E0181F74}</Id>
		<ObjectStoreId>{783D8C82-30EF-4877-B51A-0C96BC886307}</ObjectStoreId>
	</Object>
	<Object>
		<Name>Super User Work Details</Name>
		<ClassName>CmAcmPage</ClassName>
		<Id>{901D0E69-0000-C21E-A815-FCBF863B6334}</Id>
		<ObjectStoreId>{783D8C82-30EF-4877-B51A-0C96BC886307}</ObjectStoreId>
	</Object>
	<Object>
		<Name>Super User Work Details</Name>
		<ClassName>DynamicReferentialContainmentRelationship</ClassName>
		<Id>{60F19361-0000-CF5D-B431-763DF57045C8}</Id>
		<ObjectStoreId>{783D8C82-30EF-4877-B51A-0C96BC886307}</ObjectStoreId>
	</Object>
	<Object>
		<Name>Support Analyst Case Details</Name>
		<ClassName>CmAcmPage</ClassName>
		<Id>{30E7696A-0000-CCD2-9C3F-BDE85DA7321B}</Id>
		<ObjectStoreId>{783D8C82-30EF-4877-B51A-0C96BC886307}</ObjectStoreId>
	</Object>
	<Object>
		<Name>Support Analyst Case Details</Name>
		<ClassName>DynamicReferentialContainmentRelationship</ClassName>
		<Id>{C02F7D5F-0000-CA45-84DF-A38F42B14A3C}</Id>
		<ObjectStoreId>{783D8C82-30EF-4877-B51A-0C96BC886307}</ObjectStoreId>
	</Object>
	<Object>
		<Name>Support Analyst Work Details</Name>
		<ClassName>CmAcmPage</ClassName>
		<Id>{1036AD6B-0000-C51F-B187-9B56C960AD2A}</Id>
		<ObjectStoreId>{783D8C82-30EF-4877-B51A-0C96BC886307}</ObjectStoreId>
	</Object>
	<Object>
		<Name>Support Analyst Work Details</Name>
		<ClassName>DynamicReferentialContainmentRelationship</ClassName>
		<Id>{2015CD5E-0000-C9F1-91F7-5978982EA88D}</Id>
		<ObjectStoreId>{783D8C82-30EF-4877-B51A-0C96BC886307}</ObjectStoreId>
	</Object>
	<Object>
		<Name>Task Search</Name>
		<ClassName>CmAcmPage</ClassName>
		<Id>{B0CF9268-0000-CC18-8B26-3407CD914308}</Id>
		<ObjectStoreId>{783D8C82-30EF-4877-B51A-0C96BC886307}</ObjectStoreId>
	</Object>
	<Object>
		<Name>Task Search</Name>
		<ClassName>DynamicReferentialContainmentRelationship</ClassName>
		<Id>{E0E5F461-0000-C12E-BF30-B09730DD135A}</Id>
		<ObjectStoreId>{783D8C82-30EF-4877-B51A-0C96BC886307}</ObjectStoreId>
	</Object>
	<Object>
		<Name>Testing Work Details</Name>
		<ClassName>CmAcmPage</ClassName>
		<Id>{605DB26A-0000-C618-8D3E-CF5B3C962618}</Id>
		<ObjectStoreId>{783D8C82-30EF-4877-B51A-0C96BC886307}</ObjectStoreId>
	</Object>
	<Object>
		<Name>Testing Work Details</Name>
		<ClassName>DynamicReferentialContainmentRelationship</ClassName>
		<Id>{708CFC65-0000-C32B-9AAB-8B8896B7EADB}</Id>
		<ObjectStoreId>{783D8C82-30EF-4877-B51A-0C96BC886307}</ObjectStoreId>
	</Object>
	<Object>
		<Name>Transmission Analyst Case Details</Name>
		<ClassName>CmAcmPage</ClassName>
		<Id>{10DBA96C-0000-CF4C-BF7C-97B9DA5E4642}</Id>
		<ObjectStoreId>{783D8C82-30EF-4877-B51A-0C96BC886307}</ObjectStoreId>
	</Object>
	<Object>
		<Name>Transmission Analyst Case Details</Name>
		<ClassName>DynamicReferentialContainmentRelationship</ClassName>
		<Id>{206CCD5E-0000-C2C1-85E9-CACECC6BE760}</Id>
		<ObjectStoreId>{783D8C82-30EF-4877-B51A-0C96BC886307}</ObjectStoreId>
	</Object>
	<Object>
		<Name>Transmission Analyst Work Details</Name>
		<ClassName>CmAcmPage</ClassName>
		<Id>{9091716C-0000-C310-B68D-8242273D99E6}</Id>
		<ObjectStoreId>{783D8C82-30EF-4877-B51A-0C96BC886307}</ObjectStoreId>
	</Object>
	<Object>
		<Name>Transmission Analyst Work Details</Name>
		<ClassName>DynamicReferentialContainmentRelationship</ClassName>
		<Id>{2015CD5E-0100-C347-B103-3B53FB15D539}</Id>
		<ObjectStoreId>{783D8C82-30EF-4877-B51A-0C96BC886307}</ObjectStoreId>
	</Object>
	<Object>
		<Name>Workstop Work Details</Name>
		<ClassName>CmAcmPage</ClassName>
		<Id>{4086BB6A-0000-C116-A28A-6EA5EB33F96E}</Id>
		<ObjectStoreId>{783D8C82-30EF-4877-B51A-0C96BC886307}</ObjectStoreId>
	</Object>
	<Object>
		<Name>Workstop Work Details</Name>
		<ClassName>DynamicReferentialContainmentRelationship</ClassName>
		<Id>{D070CD5E-0000-CB2D-8D43-4F976B366170}</Id>
		<ObjectStoreId>{783D8C82-30EF-4877-B51A-0C96BC886307}</ObjectStoreId>
	</Object>
	<Object>
		<Name>Workstop Work Details for CBS</Name>
		<ClassName>CmAcmPage</ClassName>
		<Id>{8075BB6A-0000-C018-98BD-D5CD1DB82FE2}</Id>
		<ObjectStoreId>{783D8C82-30EF-4877-B51A-0C96BC886307}</ObjectStoreId>
	</Object>
	<Object>
		<Name>Workstop Work Details for CBS</Name>
		<ClassName>DynamicReferentialContainmentRelationship</ClassName>
		<Id>{D06B2F66-0000-C6C0-9CDA-3EBD98209392}</Id>
		<ObjectStoreId>{783D8C82-30EF-4877-B51A-0C96BC886307}</ObjectStoreId>
	</Object>
	<Object>
		<Name>Workstop Work Details for FTS</Name>
		<ClassName>CmAcmPage</ClassName>
		<Id>{A083BB6A-0000-CD10-987A-E77AAB85FE3C}</Id>
		<ObjectStoreId>{783D8C82-30EF-4877-B51A-0C96BC886307}</ObjectStoreId>
	</Object>
	<Object>
		<Name>Workstop Work Details for FTS</Name>
		<ClassName>DynamicReferentialContainmentRelationship</ClassName>
		<Id>{D06B2F66-0000-C190-9272-BA7216DD020C}</Id>
		<ObjectStoreId>{783D8C82-30EF-4877-B51A-0C96BC886307}</ObjectStoreId>
	</Object>
	<Object>
		<Name>Workstop Work Details for Prod Support</Name>
		<ClassName>CmAcmPage</ClassName>
		<Id>{9085BB6A-0000-C61C-BD86-89FA8431930D}</Id>
		<ObjectStoreId>{783D8C82-30EF-4877-B51A-0C96BC886307}</ObjectStoreId>
	</Object>
	<Object>
		<Name>Workstop Work Details for Prod Support</Name>
		<ClassName>DynamicReferentialContainmentRelationship</ClassName>
		<Id>{D06B2F66-0000-C8AE-B459-90608E5699ED}</Id>
		<ObjectStoreId>{783D8C82-30EF-4877-B51A-0C96BC886307}</ObjectStoreId>
	</Object>
	<Object>
		<Name>Workstop Work Details for Testing</Name>
		<ClassName>CmAcmPage</ClassName>
		<Id>{5084BB6A-0000-CE93-9102-EBF44F82CD4D}</Id>
		<ObjectStoreId>{783D8C82-30EF-4877-B51A-0C96BC886307}</ObjectStoreId>
	</Object>
	<Object>
		<Name>Workstop Work Details for Testing</Name>
		<ClassName>DynamicReferentialContainmentRelationship</ClassName>
		<Id>{D06B2F66-0000-CAB4-B907-CB7441AE1394}</Id>
		<ObjectStoreId>{783D8C82-30EF-4877-B51A-0C96BC886307}</ObjectStoreId>
	</Object>
</ExportObjectList>
